block_height,block_time,fee,addresses,value
673103,1614842848,16983493,18cBEMRxXHqzWWCxZNtU91F5sbUNKhL5PX,641983493
673103,1614842848,2111,3Pt5hC1MzmNiTqmadcZnehEqqW97ww1ovZ,1431381
673103,1614842848,7818,1MKHdXtUfZoDeJAysVPdKk7Enf3TGGUsin,439856
673103,1614842848,7818,1Kk9RMiQRoMqWmJ5pwaX1vU8xJpV54z9VM,114054
673103,1614842848,7818,bc1qdl46t454r8l6s2au2yjavm0tzuxvfz4eqzf6f2,113446
673103,1614842848,7818,1Jo5CAV56WKEa9mLcPXUj7Nsmwcrgng3yK,114992
673103,1614842848,7818,1G7SJz6uY28CcT5e1k2n5FRC5dr71vonDa,126426
673103,1614842848,7818,3K6bbhZfbY6XwbdhcPFfuiB9gAFTjrQznc,459823
673103,1614842848,7818,38AkBnXDmM55sjHbnWekY3ATdoFJgiFYCb,1868996
673103,1614842848,7818,12PYeHxccWsJzUTra6Dc8sh8jpsmFFeSrG,42403341
673103,1614842848,7818,14tPfCzmwaAjugbtKodMgP1tszY2UEwxko,116195
673103,1614842848,7818,39Ytx332YoJH6uC4K929QMJdF63AgyrGZf,115533
673103,1614842848,7818,192aP191PqTKdyzvTeK9dWC4jV1wLsnYjN,115191
673103,1614842848,7818,1FYivmE1odSe5ZEq3fpcVwLk12x45xFd39,123330
673103,1614842848,7818,3Nh6A5yk8cqy2xEFYRZeSD8nsVGNpYAfoH,152936
673103,1614842848,7818,33isTwNn2NjzitHUCxgyNqpD8oPomx9gzV,124400
673103,1614842848,7818,3BG8bpSgT6o1RDuUtpGSTEWwP1P3u8d3hK,1155332
673103,1614842848,7818,14798ARxQZsb3iBgMMqPYtZxmTkfgpXFxN,158308
673103,1614842848,7818,13Vru8qmhk1TTPwWgjgSCydztyTaPhzZrm,105538
673103,1614842848,7818,3Nkk3zGUiPbDgVMdAWktk82BtxCPRcFaLx,115204
673103,1614842848,7818,1BQ9xtVKkchWGUYwVycfykKzKop5iLDhKT,301528
673103,1614842848,7818,1H2VkzJA9tdTP8KJtwH2caJERZcXSwJaKF,350877
673103,1614842848,7818,18NQeE7AM5jWCBWB6Fr1GpWgRpZKmgGbHR,120980
673103,1614842848,7818,1EUeDSTJG1rBmbpFwKMSZoqFMbCj4T6gQK,114942
673103,1614842848,7818,1EBcKKXuKCxADjMcWD6Aqiy3iMsgFSDvaH,114609
673103,1614842848,7818,1G5rjNNAReXMn51CukgLPAxa43dDibJfyu,883529
673103,1614842848,7818,1LCnSDPgYwAFAxB9TAFx5o5BsR87yMK6GM,273381
673103,1614842848,7818,1J5vNYnejky7BTVzansgU88HupTRny2sKr,384364
673103,1614842848,7818,1DQWcejyE1k7pyPtkNEaiH9HuaqxeRBrQa,1782016
673103,1614842848,7818,3Mvq4PqraNdFWTTwMYt3s3J2a6piCuzFip,124891
673103,1614842848,7818,1JyubE4zZFh68A6bUv6jo2v6UkYrShbzVU,158452
673103,1614842848,7818,3GqHB5ZEEbkgKzrDC7iAEYudSPS9Dmp3Eq,315265
673103,1614842848,7818,34ZoTHX3ZcE1BUEPLTJxRE6w4XGaU1XjWH,157877
673103,1614842848,7818,1JDMXFQKyphU15L9PLNSxbdm8d6kziF5e9,157009
673103,1614842848,7818,bc1qevzdg7pd0n8w0z4yqht3r5qum78eh9vvhdrpky,116590
673103,1614842848,7818,1Do65qdpBZ2i7R2VUrRqYH25FwGrkzKj2V,105500
673103,1614842848,7818,bc1q2xejhyysg6cygy0g3ny2jqyfhlrle3uj92nqc2,113768
673103,1614842848,7818,182Tu9Xt3RBzmGDuQyxTqMAtbUjW6nFXcF,706000
673103,1614842848,7818,1L4JSkBEPaVQvbxazxq6eoJ1CFWQuuZBeS,250579
673103,1614842848,7818,1KS1c6jhZxWuBKyp3U1YkE4JuEUcqnvoMS,124168
673103,1614842848,7818,1CKTRsFiYERuckof9aqD3UCkogBMhqE9Tc,108800
673103,1614842848,7818,147RLHTLSr7qRwDtv6Y5jsbvFZzLbRHrhC,318753
673103,1614842848,7818,3GMaCSYySwGymeE77QPiVqbVSrvsf5VeZH,115416
673103,1614842848,7818,1NUXY3oSMVFunihN4ZWT4qGiiZqF9M5eVQ,115353
673103,1614842848,7818,1699DeRcbhqHKix4E8pQreWeM925THAdgh,122132
673103,1614842848,7818,19t9kwZ2RXKt4uweYJCH6kZ38dSZfb7KLR,125582
673103,1614842848,7818,1Cs5enDN3YbjEqyLxx2CthMhd3nu4X4V2r,313801
673103,1614842848,7818,3DbvAwGbYkLGm2EfBae5Emf2ZdM8ZWBkJw,126707
673103,1614842848,7818,176uiH8wUE3XpUxVj7z4qWEevbwFW5Sqey,545637
673103,1614842848,7818,17wzTJ1JdBogPEqw32q9LsDHgikSoab3k5,106444
673103,1614842848,7818,3KqdKSR6i2YdWhCUD4dWhR7vUXXDhdErVE,115187
673103,1614842848,7818,1MSizM79EuC4EN18gRUrAfamZPwkU9Vmas,156979
673103,1614842848,7818,1LDuTBB2eqZWYF4kW25vMRKfpjHmBiZD8K,231162
673103,1614842848,7818,3MQRd5Wf1HX3eDqCv4dpFBDkaXS8vfbXhF,1255869
673103,1614842848,7818,15stGzjk9xEfde7ghbMHiHHpnh7N9rXZYp,375324
673103,1614842848,7818,1JCgXg7vja2wnH7u8sdmaTgkHvhYo9Ymy6,158463
673103,1614842848,7818,bc1q7stgmxp0vgy0pj7hfmzj3afnpyydknw4hv08rz,187277
673103,1614842848,7818,1HeAHVUf3WdyhQy51HPSSku2Cynu7n1fMt,115196
673103,1614842848,7818,3MqxW1uPLApUvMWomiRSsYn4Jp5KhcE4DQ,772482
673103,1614842848,7818,3DPdxBQSkDe9awBuNDb9pQibaxoW2BmG7g,116361
673103,1614842848,7818,bc1qnlasjld6f6d98j5vc9g0a8gc6d06hx6nhsp3ee,115096
673103,1614842848,7818,1PzDVLvoGMnTp61wRNSnhsk7J3fekvTwP8,155022
673103,1614842848,7818,12yEu7ALwCD9o5QYJtLgoYL6LzR6S3zvKY,14045639
673103,1614842848,7818,3HRxnCHYWHQq8D6sRSVHEGMXv1BsCkaFSY,1243290
673103,1614842848,7818,16HMAUSCtANrnbrrSjeYWSykpF9EdCgsU6,115084
673103,1614842848,7818,1N1Jig9osRhAHbG1VBVAywsAvYnXwwL6cc,510870
673103,1614842848,7818,16bYcvujzjVFhQTWuEaSocyWEuqWgfekRF,597228
673103,1614842848,7818,1H6Gw2LkzJmQ7MK1Uaxk7S4s7kQ95MtRV,313479
673103,1614842848,7818,38YSaXwAZG6XSfDCbUvdazGPpbHrx5CJdQ,1034068
673103,1614842848,7818,138db2XNGTcgXjw1fisRqsKoZwJKgPMAWn,374822
673103,1614842848,7818,1Bmr1A4pjuhRW5mmKWSTDDtX214hhXvVkN,114450
673103,1614842848,7818,127vZb6mDL6ogkAdmYVhpssgLJ2ovcBQjh,458545
673103,1614842848,7818,bc1qkdkm5auvxt39p43a9hh75uyrjr49h3fv97yey9,231105
673103,1614842848,7818,bc1qhrwzk0ud5h5xgdg548dmfv8zy46m8zxaalvldu,115724
673103,1614842848,2320,3DsymsXGp3MaMKMGQqSZ6YoYPMHZE8h7sU,4555996
673103,1614842848,2101,3MZzWT73HjayGXeB2zRiNZL9agFkXQmHbR,525334
673103,1614842848,2600,3B8125Gho61EK4WtFiKjWX9vyff8xwjs5v,24000
673103,1614842848,2600,1Pd8oUbvSKrAarwroFoF55ACg3vpRdPCox,235591
